{"cameraMode":{"drawMode":0,"name":"Shaded","section":"Shading Mode"},"sceneLighting":true,"audioPlay":false,"sceneViewState":{"showFog":true,"showMaterialUpdate":false,"showSkybox":true,"showFlares":true,"showImageEffects":true,"showParticleSystems":true},"in2DMode":false,"pivot":{"x":-53.43675994873047,"y":-109.45458984375,"z":27.944538116455079},"rotation":{"x":-0.4417774975299835,"y":0.44508349895477297,"z":-0.2689821422100067,"w":-0.7310143709182739},"size":153.54856872558595,"orthographic":false}